Country or Area,Alpha-2 code,Alpha-3 code,Announced Policy Date,Total Support USD,Latitude (average),Longitude (average)
Cameroon,CM,CMR,30/4/2020,43754985.54,6,12
Madagascar,MG,MDG,3/4/2020,269600000,-20,47
Lao People's Democratic Republic,LA,LAO,29/4/2020,21362851.7,18,105
Angola,AO,AGO,6/5/2020,319746302.63,-12.5,18.5
Kenya,KE,KEN,15/4/2020,2095785.44,1,38
Uruguay,UY,URY,30/4/2020,300841865.76,-33,-56
Venezuela (Bolivarian Republic of),VE,VEN,2/4/2020,0,8,-66
Barbados,BB,BRB,30/3/2020,10000000,13.1667,-59.5333
Serbia,RS,SRB,7/5/2020,9033782472.57,44,21
Iran (Islamic Republic of),IR,IRN,1/4/2020,8419936336.59,32,53
Cabo Verde,CV,CPV,16/4/2020,52819686.24,16,-24
Mongolia,MN,MNG,6/5/2020,2222757269.66,46,105
Switzerland,CH,CHE,7/5/2020,111807732497.38,47,8
France,FR,FRA,1/5/2020,456954966887.41,46,2
Cyprus,CY,CYP,7/5/2020,2429359823.4,35,33
Sudan,SD,SDN,15/4/2020,2285454545.45,15,30
Afghanistan,AF,AFG,29/4/2020,125246344.97,33,65
Mali,ML,MLI,9/4/2020,198580319.01,17,-4
Armenia,AM,ARM,7/5/2020,195900000,40,45
Ecuador,EC,ECU,16/4/2020,0,-2,-77.5
Timor-Leste,TL,TLS,29/4/2020,150000000,-8.55,125.5167
Papua New Guinea,PG,PNG,3/4/2020,1914145865.4,-6,147
Panama,PA,PAN,1/5/2020,1100000000,9,-80
Hungary,HU,HUN,23/4/2020,18310661085.8,47,20
United Kingdom of Great Britain and Northern Ireland,GB,GBR,8/5/2020,460810408921.92,54,-2
China,CN,CHN,30/4/2020,1704225352112.68,35,105
Saint Kitts and Nevis,KN,KNA,3/4/2020,1481481.48,17.3333,-62.75
Jamaica,JM,JAM,7/5/2020,74962518.74,18.25,-77.5
Slovakia,SK,SVK,28/4/2020,1898454746.13,48.6667,19.5
Guatemala,GT,GTM,7/5/2020,205760537.72,15.5,-90.25
Argentina,AR,ARG,5/5/2020,20689059450.49,-34,-64
Croatia,HR,HRV,15/4/2020,4345936549.33,45.1667,15.5
Colombia,CO,COL,29/4/2020,33683402897.13,4,-72
Zambia,ZM,ZMB,8/4/2020,707353760.45,-15,30
Italy,IT,ITA,9/4/2020,855468984547.46,42.8333,12.8333
Maldives,MV,MDV,2/4/2020,183966666.67,3.25,73
Congo,CG,COG,7/4/2020,168288405.94,-1,15
Monaco,MC,MCO,30/1/2020,0,43.7333,7.4
Egypt,EG,EGY,7/5/2020,40451619059.72,27,30
Turkey,TR,TUR,18/3/2020,15209125475.29,39,35
Bosnia and Herzegovina,BA,BIH,7/5/2020,1246049661.4,44,18
Senegal,SN,SEN,7/5/2020,287773174.16,14,-14
Jordan,JO,JOR,10/5/2020,1791490113.01,31,36
Sierra Leone,SL,SLE,2/4/2020,58782051.28,8.5,-11.5
North Macedonia,MK,MKD,16/4/2020,26660000,41.8333,22
Malta,MT,MLT,24/4/2020,2852207505.52,35.8333,14.5833
Guinea,GN,GIN,1/4/2020,290000000,11,-10
Malaysia,MY,MYS,19/4/2020,64995370370.37,2.5,112.5
Uganda,UG,UGA,8/4/2020,1300000,1,32
South Africa,ZA,ZAF,21/4/2020,47272120.57,-29,24
Finland,FI,FIN,6/5/2020,21810706401.77,64,26
Saudi Arabia,SA,SAU,5/5/2020,62329076882.14,25,45
Bangladesh,BD,BGD,3/5/2020,2100594334.08,24,90
Indonesia,ID,IDN,6/5/2020,37747320520.67,-5,120
United States of America,US,USA,30/4/2020,4726767000000,38,-97
Germany,DE,DEU,6/5/2020,1328919646799.11,51,9
Guinea-Bissau,GW,GNB,7/5/2020,2199712.9,12,-15
Poland,PL,POL,20/4/2020,78926669893.52,52,20
Nigeria,NG,NGA,8/5/2020,10772689359.77,10,8
Nepal,NP,NPL,29/4/2020,29000000,28,84
Montenegro,ME,MNE,24/4/2020,216887417.21,42,19
Netherlands,NL,NLD,4/5/2020,21372295805.75,52.5,5.75
Malawi,MW,MWI,7/5/2020,20000000,-13.5,34
Belarus,BY,BLR,30/4/2020,43372881.36,53,28
Chile,CL,CHL,15/4/2020,11750000000,-30,-71
Grenada,GD,GRD,27/4/2020,17037037.04,12.1167,-61.6667
Bahamas,BS,BHS,30/3/2020,65700000,24.25,-76
Paraguay,PY,PRY,16/4/2020,945000000,-23,-58
Russian Federation,RU,RUS,30/4/2020,18923802903.34,60,100
Burkina Faso,BF,BFA,3/4/2020,663056319.4,13,-2
Côte d’Ivoire,CI,CIV,23/4/2020,4403737348.92,8,-5
Gabon,GA,GAB,3/4/2020,420721014.85,-1,11.75
Costa Rica,CR,CRI,9/4/2020,888228549.65,10,-84
Aruba,AW,ABW,1/5/2020,27597765.36,12.5,-69.9667
Saint Vincent and the Grenadines,VC,VCT,7/4/2020,1481481.48,13.25,-61.2
Lithuania,LT,LTU,7/5/2020,5470309050.77,56,24
Tajikistan,TJ,TJK,6/5/2020,14862745.09,39,71
"China, Macao Special Administrative Region",MO,MAC,8/4/2020,1252191334.84,22.1667,113.55
Tunisia,TN,TUN,6/5/2020,1073063441.99,34,9
Dominica,DM,DMA,30/4/2020,1481481.48,15.4167,-61.3333
Botswana,BW,BWA,30/4/2020,302038761.64,-22,24
Guyana,GY,GUY,8/4/2020,0,5,-59
State of Palestine,PS,PSE,6/5/2020,367518902.25,32,35.25
Pakistan,PK,PAK,6/5/2020,7552796838.25,30,70
Rwanda,RW,RWA,18/3/2020,54054054.05,-2,30
Ukraine,UA,UKR,23/4/2020,0,49,32
Mauritania,MR,MRT,26/3/2020,673128702.21,20,-12
Haiti,HT,HTI,28/4/2020,0,19,-72.4167
Nicaragua,NI,NIC,22/4/2020,0,13,-85
Bulgaria,BG,BGR,22/4/2020,7844243792.32,43,25
Morocco,MA,MAR,22/4/2020,995421063.11,32,-5
Ethiopia,ET,ETH,7/5/2020,601832681.01,8,38
Chad,TD,TCD,1/4/2020,176702826.23,15,19
United Republic of Tanzania,TZ,TZA,7/5/2020,302000000,-6,35
Ireland,IE,IRL,24/3/2020,7836644591.61,53,-8
Viet Nam,VN,VNM,29/4/2020,14522066601.79,16,106
Thailand,TH,THA,7/4/2020,74027565084.23,15,100
Democratic Republic of the Congo,CD,COD,12/4/2020,135000000,0,25
Equatorial Guinea,GQ,GNQ,25/4/2020,437549855.44,2,10
Belgium,BE,BEL,21/4/2020,66225165562.91,50.8333,4
Iraq,IQ,IRQ,11/4/2020,1042811704.84,33,44
Sweden,SE,SWE,7/5/2020,151688415180.8,62,15
Philippines,PH,PHL,16/4/2020,4854616895.88,13,122
Oman,OM,OMN,30/4/2020,20779220779.22,21,57
Cuba,CU,CUB,28/3/2020,0,21.5,-80
Luxembourg,LU,LUX,6/5/2020,11479028697.57,49.75,6.1667
United Arab Emirates,AE,ARE,30/4/2020,76912605499.59,24,54
Portugal,PT,PRT,6/5/2020,140408525386.31,39.5,-8
Slovenia,SI,SVN,28/4/2020,5518763796.91,46,15
Belize,BZ,BLZ,26/3/2020,12950000,17.25,-88.75
India,IN,IND,13/5/2020,371973005160.77,20,77
New Zealand,NZ,NZL,4/5/2020,32001201923.08,-41,174
Burundi,BI,BDI,2/4/2020,0,-3.5,30
Namibia,NA,NAM,1/4/2020,444914075.97,-22,17
Japan,JP,JPN,27/4/2020,1026567454798.33,36,138
Albania,AL,ALB,15/4/2020,412307146.66,41,20
Kazakhstan,KZ,KAZ,23/3/2020,10000000000,48,68
Algeria,DZ,DZA,3/5/2020,277951775.07,28,3
Spain,ES,ESP,7/5/2020,98371537575.61,40,-4
El Salvador,SV,SLV,24/3/2020,0,13.8333,-88.9167
Lesotho,LS,LSO,20/4/2020,27807129.75,-29.5,28.5
Republic of Korea,KR,KOR,30/4/2020,229427859680.64,37,127.5
Mozambique,MZ,MOZ,24/3/2020,519938650.31,-18.25,35
Singapore,SG,SGP,30/4/2020,84006320224.72,1.3667,103.8
Bhutan,BT,BTN,30/4/2020,398967844.38,27.5,90.5
Brunei Darussalam,BN,BRN,31/3/2020,316011235.96,4.5,114.6667
Samoa,WS,WSM,1/5/2020,26757502.7,-13.5833,-172.3333
Ghana,GH,GHA,26/4/2020,310711150.13,8,-2
"China, Hong Kong Special Administrative Region",HK,HKG,22/4/2020,24177949709.87,22.25,114.1667
Canada,CA,CAN,6/5/2020,182234626234.12,60,-95
Central African Republic,CF,CAF,27/3/2020,45437869.6,7,21
Comoros,KM,COM,7/5/2020,0,-12.1667,44.25
Liberia,LR,LBR,9/4/2020,49000000,6.5,-9.5
Benin,BJ,BEN,21/3/2020,16828840.59,9.5,2.25
Mexico,MX,MEX,30/4/2020,49343941466.34,23,-102
Greece,GR,GRC,24/4/2020,16561810154.52,39,22
Romania,RO,ROU,27/3/2020,7290650351.78,46,25
Qatar,QA,QAT,6/5/2020,21247616453.28,25.5,51.25
Kuwait,KW,KWT,25/4/2020,1680028846.15,29.3375,47.6581
Suriname,SR,SUR,9/4/2020,53633681.95,4,-56
Mauritius,MU,MUS,5/5/2020,617258535.81,-20.2833,57.55
Republic of Moldova,MD,MDA,30/4/2020,0,47,29
Niger,NE,NER,21/3/2020,0,16,8
Honduras,HN,HND,24/3/2020,706721225.14,15,-86.5
Bolivia (Plurinational State of),BO,BOL,7/5/2020,1017845714.88,-17,-65
Iceland,IS,ISL,30/4/2020,1636079100.87,65,-18
Libya,LY,LBY,23/4/2020,349650349.65,25,17
Fiji,FJ,FJI,26/3/2020,1000000000,-18,175
Sri Lanka,LK,LKA,6/5/2020,128000000,7,81
Togo,TG,TGO,21/3/2020,0,8,1.1667
Eswatini,SZ,SWZ,8/4/2020,5561425.95,-26.5,31.5
Estonia,EE,EST,4/5/2020,2228587196.47,59,26
Norway,NO,NOR,8/4/2020,13152914458.74,62,10
Peru,PE,PER,24/3/2020,0,-10,-76
Austria,AT,AUT,30/4/2020,51876379690.95,47.3333,13.3333
Denmark,DK,DNK,18/4/2020,56929690965.55,56,10
Latvia,LV,LVA,5/5/2020,2207505518.76,57,25
Bahrain,BH,BHR,5/5/2020,11891693121.69,26,50.55
Gambia,GM,GMB,26/4/2020,11542132.49,13.4667,-16.5667
Lebanon,LB,LBN,8/4/2020,61691542.29,33.8333,35.8333
Myanmar,MM,MMR,27/4/2020,71438746.44,22,98
Uzbekistan,UZ,UZB,19/3/2020,1047668936.62,41,64
Turkmenistan,TM,TKM,7/5/2020,0,40,60
Trinidad and Tobago,TT,TTO,23/3/2020,23110183.39,11,-61
Brazil,BR,BRA,8/4/2020,35412699486.63,-10,-55
Dominican Republic,DO,DOM,6/5/2020,594287836.59,19,-70.6667
Antigua and Barbuda,AG,ATG,22/4/2020,1481481.48,17.05,-61.8
Azerbaijan,AZ,AZE,9/4/2020,354363207.54,40.5,47.5
Georgia,GE,GEO,4/5/2020,717474529.18,42,43.5
Australia,AU,AUS,26/4/2020,199015990159.92,-27,133
Czechia,CZ,CZE,7/5/2020,46685529506.87,49.75,15.5
Saint Lucia,LC,LCA,8/4/2020,1481481.48,13.8833,-61.1333
Seychelles,SC,SYC,23/3/2020,36000000,-4.5833,55.6667
Djibouti,DJ,DJI,1/4/2020,0,11.5,43
Kyrgyzstan,KG,KGZ,4/4/2020,142384276.73,41,75
